epitope,cdr3b
PA,CASSDFDWGGDAETLYF
PA,CASSPDRGEVFF
PA,CASTGGGAPLF
PA,CASSQDPGDYEQYF
PA,CASSLGGENTLYF
PA,CASDRAGEQYF
PA,CASSLDRGEVFF
PA,CASSLSGYEQYF
PA,CASDGGERLFF
PA,CASSMGAEQFF
PA,CASSGLGGQAEQFF
PA,CASSQEDSDTGQLYF
PA,CASSQDFEQYF
PA,CASSIARWDSYEQYF
PA,CASSWGSEVFF
PA,CAWSLSFNQDTQYF
PA,CASSLGGEVFF
PA,CASSQAGDSYEQYF
PA,CASTDSNERLFF
PA,CTCSADENTLYF
PA,CASSLSGYEQYF
PA,CASSIGGEVFF
PA,CASSFWGALVQNTLYF
PA,CASYGTGQNTLYF
PA,CASAGGDEQYF
PA,CASSSGREVFF
PA,CASSIARWDSYEQYF
PA,CASSWGDEQYF
PA,CASSLDRGEVFF
PA,CASSSYEQYF
PA,CASSWDRGEVFF
PA,CAWSLSFNQDTQYF
PA,CASSPTGEVFF
PA,CASTDTGQLYF
PA,CASSLTDEQYF
NP,CASSGGPNTGQLYF
NP,CASSGGANTGQLYF
NP,CASSGKQNTSQFTF
NP,CASSLKQGRSDYTF
m139,CASSWDRNTGQLYF
m139,CASSGTGGYTEVFF
m139,CASSAGTTEVFF
m139,CASSVDRFNQDTQYF
m139,CASGEANTEVFF
m139,CASSLTGKDTQYF
m139,CASSPRTGGANQDTQYF
m139,CASSFDRGDTQYF
m139,CASSGGSAETLYF
m139,CASSAGTTEVFF
m139,CASRTDNNQAPLF
m139,CASSLTGDAEQFF
m139,CASGDRGDTEVFF
m139,CASSAGTTEVFF
M38,CTCSAGTGGYNYAEQFF
M38,CASSAGTGGYNYAEQFF
M38,CTCSAGTGGFNYAEQFF
M38,CASGGNYAEQFF
M38,CASSPGTGGYNYAEQFF
M38,CTCSAGTGGYNYAEQFF
M38,CATGTGSSAETLYF
M38,CASSGGTGGFNYAEQFF
M38,CTCSDGTGGYNYAEQFF
M38,CTCSPGTGGVNYAEQFF
M38,CTCSAGTGGYNYAEQFF
M38,CTCSAGTGGYNYAEQFF
M38,CASSGGTGGFNYAEQFF
M38,CASSPGTGGYNYAEQFF
PB1,CSSSQSSAETLYF
PB1,CASSLPDSQNTLYF
PB1,CASSGQSNERLFF
PB1,CASSFPDSAETLYF
PB1,CASSQDSAETLYF
PB1,CASKGRTSAETLYF
PB1,CASSPDSAETLYF
PB1,CASSPDSAETLYF
PB1,CAWTHLSNERLFF
PB1,CASSEMGGVSEQYF
PB1,CASSQDTFEQYF
PB1,CASRYNERLFF
PB1,CASSFSSAETLYF
PB1,CASTSDSAETLYF
PB1,CASSGDSAETLYF
PB1,CASSQDSAETLYF
PB1,CASSQDSAETLYF
PB1,CASSYSSNERLFF
PB1,CSSKGGSAETLYF
PB1,CAHTGGSSAETLYF
PB1,CASSDDSAETLYF
PB1,CASRYNERLFF
PB1,CASSFLDSAETLYF
PB1,CASSEGRGGSDYTF
PB1,CASSSPAEQYF
PB1,CASSSRQGGSAETLYF
PB1,CASGGRDSAETLYF
PB1,CASSGDSNERLFF
PB1,CASSLGVNERLFF
PB1,CASSPDSAETLYF
PB1,CASSGGTGASAETLYF
PB1,CASSQDSAETLYF
PB1,CASSFRDSAETLYF
PB1,CAIQTGSAETLYF
PB1,CASSSRGSNTEVFF
PB1,CAWSGDSAETLYF
PB1,CASGDLREEDTQYF
PB1,CASSGTSAETLYF
PB1,CASTKSNTEVFF
PB1,CASSWDSAETLYF
PB1,CASSHDSAETLYF
PB1,CASGGDSSAETLYF
PB1,CASSPDSAETLYF
PB1,CASSPGQEQYF
PB1,CASSPDSAETLYF
PB1,CASSGESAETLYF
PA,CASSLDRAEVFF
PA,CASSLDRGEQYF
PA,CASSWGDEQYF
PA,CASSTGDEQYF
PA,CASTQGGAPLF
PB1,CASGGSSAETLYF
PB1,CASSPPDSAETLYF
PB1,CASSLPDSAETLYF
PB1,CASRGQTSAETLYF
PB1,CTCSGLDSAETLYF
PB1,CASSSNSDYTF
PB1,CASGGESAETLYF
PB1,CASSLPDSQDTQYF
PB1,CASSRDSAETLYF
PB1,CASSLDQGEGNTLYF
PB1,CASGEDSAETLYF
PB1,CASSGESAETLYF
PB1,CASSFDSYEQYF
PB1,CASGGGSNERLFF
PB1,CASSFTSSAETLYF
NP,CGARDHRGSQYF
NP,CASSLARDEQYF
NP,CASGQDRRNSYNSPLYF
NP,CASSQDRRNSYNSPLYF
NP,CASSGGANTGQLYF
NP,CASSQDRRNSYNSPLYF
M45,CASSYQGDYAEQFF
M45,CASSRLGTSAETLYF
M45,CASSRTGDYAEQFF
M45,CASSELGSSAETLYF
M45,CASIPGQANTEVFF
M45,CASSLVLGDAETLYF
M45,CASSLRGDNSPLYF
M45,CASSLELGDYAEQFF
M45,CASSSMGGSAETLYF
M45,CASSLTSNSDYTF
M45,CASSLLGDSYEQYF
M45,CASSGLGSSAETLYF
M45,CASSRLGTSAETLYF
M45,CASSGLGSSAETLYF
M45,CASSPSNQDTQYF
M45,CASSQNYAEQFF
M45,CASSLGSQNTLYF
M45,CASSIRDWGEEQYF
PB1,CASGGDWGGSYEQYF
PB1,CASSWDSNERLFF
PB1,CASGEDSAETLYF
PB1,CASSGTSNERLFF
PB1,CASSGDSAETLYF
PB1,CASSGDSAETLYF
PB1,CASSRDSAETLYF
PB1,CASSEPDSAETLYF
PB1,CGARDGWDSAETLYF
PB1,CASSGQDSAETLYF
PB1,CAWTGSSAETLYF
PB1,CTCSGRDSAETLYF
PB1,CASRGTDSAETLYF
PB1,CASSRDSAETLYF
PB1,CASAGTSAETLYF
PB1,CASSVDSAETLYF
PB1,CASSDARGEHERLFF
PB1,CASSWESAETLYF
PB1,CASGGSSAETLYF
PB1,CASSGESAETLYF
PB1,CTCSGDSSAETLYF
NP,CASSQDRRNSYNSPLYF
NP,CASSGGSNTGQLYF
NP,CASSFVLNNQAPLF
NP,CASSDHRNTEVFF
NP,CASRDFSQNTLYF
NP,CASSRDQAGYAEQFF
NP,CASRDWESSYEQYF
NP,CASKAGGSTGQLYF
NP,CASSLTAISNERLFF
NP,CASSQDRRNSYNSPLYF
NP,CASRDWESSYEQYF
NP,CASSQDRRNSYNSPLYF
NP,CASSQDRRNSYNSPLYF
NP,CASSPWGGADQNTLYF
NP,CASGEDWGKDTQYF
NP,CASSRDWGDAEQFF
NP,CASSDHRNTEVFF
NP,CASSQDLGGRYEQYF
NP,CASRDWESSYEQYF
NP,CASSQGLGGRGEQYF
NP,CLSIQDRRVSYNSPLYF
NP,CASSGGSNTGQLYF
PB1,CASSGDSSAETLYF
PB1,CASSRDSAETLYF
PB1,CASSYSSAETLYF
PB1,CASSGDSAETLYF
PB1,CASSSDSAETLYF
PB1,CASSLDSAETLYF
NP,CASSQEDWGSAETLYF
NP,CASSGGQGNYAEQFF
NP,CASSTRGAEQFF
PB1,CASSDSSAETLYF
PB1,CASTGDSAETLYF
PB1,CASSGDSAETLYF
PB1,CASSQDSAETLYF
PB1,CASSSDSAETLYF
PB1,CASSYSSAETLYF
PB1,CASNPVDSAETLYF
PB1,CASSPDSAETLYF
PB1,CASTGTSNERLFF
PB1,CASSGDSNERLFF
PB1,CASSWDSAETLYF
PB1,CSSSRDSAETLYF
PB1,CASGGTDSAETLYF
PB1,CASSRDSAETLYF
PB1,CASSTDSAETLYF
PB1,CASSGDSNERLFF
PB1,CASSFRDSAETLYF
PB1,CASSNDSAETLYF
PB1,CASSGHSAETLYF
PB1,CASSSPTDSAETLYF
PB1,CASSHDSAETLYF
PB1,CASSRDSAETLYF
PB1,CASSWDSAETLYF
PB1,CASRTTSAETLYF
PB1,CASSRDSAETLYF
PB1,CASSGDSAETLYF
PB1,CASSLPDSQDTQYF
PB1,CASSGDSAETLYF
PB1,CASSQDSAETLYF
PB1,CASSLPDSQDTQYF
PB1,CASRGTDSAETLYF
PB1,CASSGNSAETLYF
PB1,CASSQDSAETLYF
PB1,CASRGQDSAETLYF
PB1,CASSRDSAETLYF
PB1,CASSSDSAETLYF
PB1,CASPPTGGSSAETLYF
PB1,CASSRDSAETLYF
PB1,CASSRDSAETLYF
PB1,CASSRDSAETLYF
PB1,CASGRDSAETLYF
PB1,CASSPDSAETLYF
PB1,CASSSTSAETLYF
PB1,CASSLVDSAETLYF
PB1,CASGGADSAETLYF
PB1,CACSGADSAETLYF
PB1,CASSADSAETLYF
PB1,CASGGRDSAETLYF
PB1,CASSPPDSAETLYF
PB1,CASPGTSAETLYF
PB1,CASSRDSAETLYF
PB1,CASSGDSAETLYF
PB1,CASSSNSAETLYF
PB1,CASSRDSAETLYF
PB1,CASGGQESAETLYF
PB1,CASSIDSAETLYF
PB1,CAWSLGDSAETLYF
PB1,CASGDDSAETLYF
PB1,CASRGGESAETLYF
PB1,CTCSGDSAETLYF
PB1,CASSGDSAETLYF
PB1,CASGDDSAETLYF
PB1,CASSSGSAETLYF
PB1,CASGGVDSSETLYF
PB1,CASSGDSAETLYF
PB1,CASGGEVSNERLFF
PB1,CALGTGKSAETLYF
PB1,CASSPLLGGQDTQYF
PB1,CASGGDSAETLYF
PB1,CASSLSQNTEVFF
PB1,CASSRDSAETLYF
PB1,CACYGADGAETLYF
PB1,CASSPDSAETLYF
PB1,CASSDHRNTEVFF
PB1,CASSSPRDSAETLYF
PB1,CASSATSAETLYF
PB1,CASSMDSAETLYF
PB1,CAGTGGAEQYF
PB1,CASSGGSNTGQLYF
PB1,CASGGDSSAETLYF
PB1,CASSIGSEQYF
PB1,CASGGDSAETLYF
PB1,CASGGTDSAETLYF
PB1,CASSDHRNTEVFF
PB1,CASSSDSAETLYF
PB1,CASSSGQDNYAEQFF
F2,CASRTGATGQLYF
F2,CASRPDISYNSPLYF
F2,CAIGSNQDTQYF
F2,CASSIGQDEQYF
F2,CASSLFQIQDTQYF
F2,CASSMGANERLFF
F2,CASSPGDYAEQFF
F2,CASSPGTTYEQYF
M45,CASSLSGNSDYTF
M45,CASSRRERNSPLYF
M45,CASSLGSQNTLYF
M45,CASSRLGSSAETLYF
M45,CASSWRTDYAEQFF
M45,CASSGLGGSAETLYF
M45,CASSRFANTEVFF
M45,CASSYRGDYAEQFF
M45,CASSPSTGREQYF
M45,CASSPLGSSAETLYF
M45,CASSRLGTSAETLYF
M45,CASSRNWGEKDTQYF
M45,CASSAGGENTLYF
M45,CASSGLGTSAETLYF
M45,CASSRQNSDYTF
M45,CASSSLGSSAETLYF
M38,CTCSAGTGGYNYAEQFF
M38,CSSSQSARGRGQNTLYF
M38,CASSPGTGGYNYAEQFF
M38,CTCSAGTGGYNYAEQFF
M38,CTCSTGTGGYNYAEQFF
M38,CASRQTFNQDTQYF
M38,CASSEGGWEQYF
M38,CTCSGGTGGYNYAEQFF
NP,CTCSADYRNSYNSPLYF
PB1,CASSLGLGSAETLYF
PB1,CTCSGGTGGYNYAEQFF
PB1,CASSPRDSAETLYF
PB1,CASSPRLGAYAEQFF
PB1,CASSGQGAPNSDYTF
PB1,CASSPRDSAETLYF
PB1,CASSSGTGGYNYAEQFF
PB1,CASTPDRGQDTQYF
PB1,CASRVNTGQLYF
PB1,CASSGRDSNSDYTF
PB1,CANSFDSAETLYF
PB1,CTCSAGTGGYNYAEQFF
PB1,CASSGRDSNSDYTF
PB1,CASSGLNSDYTF
PB1,CASSDAREDTQYF
PB1,CASSEGGPYEQYF
PB1,CASSDARGGGNSDYTF
PB1,CASRMESSAETLYF
PB1,CASSLTENQAPLF
PB1,CASSHDSAETLYF
F2,CASSDDRVTNQAPLF
M38,CTCSAGTGGYNYAEQFF
M38,CASSAGTGGYNYAEQFF
M38,CASSAGTGGYNYAEQFF
M38,CTCSAGTGGFNYAEQFF
M38,CTCSAGTGGYNYAEQFF
M38,CASSLATGGYNYAEQFF
M38,CASSRDNWSDYTF
M38,CTCSAGTGGYNYAEQFF
M38,CTCSAGTGGFNYAEQFF
M38,CASRDNNQDTQYF
M38,CTCSAGTGGYNYAEQFF
PA,CASSGGGEQYF
PA,CASAEGGEQYF
PA,CASSWGDTLYF
PA,CASTPDRGEVFF
PA,CASSQAEVFF
PA,CASSLGDEQYF
PA,CASSIGGEVFF
PA,CASSIGGEQYF
PA,CASSPTGGDQNTLYF
PA,CASSQGERLFF
PA,CASSWATEVFF
PA,CASSLGDGLFF
PA,CASSREEANTGQLYF
PA,CASSFGGEVFF
PA,CASGDPDRGNQDTQYF
PA,CASSPDWGAF
PA,CASSFGKRLFF
PA,CASSLDRGEVFF
PA,CASSFGDEQYF
PA,CASSDGGGYNYAEQFF
PA,CGDGTGGNTLYF
PA,CASSFGGQQYF
PA,CASSQEGGGDSDYTF
PA,CASSIAGAQDTQYF
PA,CASSLTPEEVFF
PA,CASSQEGAGDSDYTF
PA,CASSQDKDFSNERLFF
PA,CASSPDGEQFF
PA,CASSSGEGVFF
PA,CASSRETGNQDTQYF
PA,CGDGTGGNTLYF
PA,CASGREDTQYF
PA,CASSSGTGDF
PA,CANSQGTEVFF
PA,CASSMGAEQFF
PA,CASSYGGGEQYF
PA,CASSQGTEVFF
PA,CASSLGGEQYF
PA,CASSIGNEQYF
PA,CASSYPDIYAEQFF
PA,CASSSAPEQYF
PA,CASSLDRGWVFF
PA,CASSDGLPFF
PA,CASSLTPEEVFF
PA,CASSIGLGLEDTQYF
PA,CASSSGGEQYF
M45,CASSLSGDSDYTF
M45,CASSRDWGYQDTQYF
M45,CASSGLGGSAETLYF
M45,CASSPLGSSAETLYF
M45,CATGTGSSAETLYF
M45,CASSRMGASAETLYF
M45,CASSGLGSSAETLYF
M45,CASSLPGDYAEQFF
M45,CASSLVGDYEQYF
M45,CASSLTNNYAEQFF
M45,CASSLVGDYEQYF
M45,CASSQGGFDYAEQFF
M45,CASSRLGASAETLYF
M45,CASGDAYWGGTYEQYF
M45,CASTFRGPNTEVFF
M45,CASSHTGGDYAEQFF
M45,CASSLRGDNQAPLF
M45,CASSGLGGSAETLYF
M45,CASSGDWGTYEQYF
M45,CASSDTGGYAETLYF
M45,CASSLLGGDAETLYF
M45,CASSRLGTSAETLYF
M45,CASSRLGASAETLYF
M45,CASSGLGSSAETLYF
M45,CASSSFGGSAETLYF
M45,CASSPLGGAAETLYF
M45,CASSPLGGAAETLYF
M45,CASSGLGASAETLYF
M45,CASSFRAETLYF
M45,CASSLRGDNQAPLF
M45,CASSPLGGAAETLYF
M45,CASSPQETGQLYF
M45,CASSTGGGSDYTF
M45,CASSRLGASAETLYF
M45,CASSILGTSAETLYF
M45,CASSRWGVNQDTQYF
PB1,CASSTDSAETLYF
PB1,CASSPGQGYEQYF
PB1,CASFTANERLFF
PB1,CAWSPDWGVYEQYF
PB1,CASSQDWGGDTQYF
PB1,CTCSAANTGQLYF
PA,CASSWGGAPLF
PA,CASSIGDEQYF
PA,CASTSGNTLYF
PA,CASSGGNEQYF
PA,CASSLGGGVFF
PA,CASSFGGAPLF
PA,CASSLGRGVFF
PA,CASSFGTEVFF
PA,CASEGGPNQDTQYF
PA,CASSLSGFEQYF
PA,CASSPLGGRRDTQYF
PA,CASSQGGRQYF
PA,CASSLGGEVFF
PA,CASSQQQDSYEQYF
PB1,CASSPDWGGRYEQYF
PB1,CASGGSSAETLYF
PB1,CASRGTDSAETLYF
PB1,CASSQESAETLYF
PB1,CASSWDSAETLYF
PB1,CASSGGDSAETLYF
PA,CASSLGQAPLF
PA,CASSEWDWGGEGTGQLYF
PA,CASSRGWGGPYNYAEQFF
PA,CASSWGGEQYF
PA,CASSLGQAPLF
PA,CTCSAEGNTLYF
PA,CASNQGGEQFF
PA,CASWSGPQDTQYF
PA,CASSDRHYEQYF
PA,CASSLGQAPLF
PA,CASSNQDRDYTGQLYF
PA,CASSRERDRDAEQFF
PA,CASSSYEQYF
PA,CASSGGAEQFF
PA,CASSSYEQYF
PA,CASSRETGGAEQFF
PA,CASSSGGEVFF
PA,CASASGGEVFF
PA,CASSWGGEVFF
PA,CASSPDITEVFF
PA,CASSPDRGEVFF
PA,CASSFGGEVFF
PA,CASSGGETLYF
PA,CASSSGGGQFF
PA,CAWSPGREVFF
PA,CASSLGNEQYF
PA,CASSWDRGEVFF
PA,CASSWGTEVFF
PB1,CASSGDSAETLYF
PB1,CASRGDQSAETLYF
PB1,CASSRDSAETLYF
PB1,CASSQDSAETLYF
PB1,CASSQDSAETLYF
PB1,CASSPDWGAETLYF
PB1,CASSPDSAETLYF
PB1,CASSFRDSAETLYF
PB1,CAWTSQSAETLYF
PB1,CASTTGSDERLFF
PB1,CASGGDSAETLYF
PB1,CASSRSSAETLYF
PB1,CASSQDSAETLYF
PB1,CASSSDSAETLYF
PB1,CASTGESAETLYF
PB1,CASSRDSAETLYF
PB1,CASSLGWGAYEQYF
PB1,CASSGDSAETLYF
PB1,CASMTGDSAETLYF
PB1,CASGADSAETLYF
PB1,CASSGDSAETLYF
PB1,CASSWDSAETLYF
PB1,CASSFRDSAETLYF
PB1,CASSGDSAETLYF
PB1,CASRGGSSAETLYF
PB1,CASGGDSAETLYF
PB1,CASSQDSAETLYF
PB1,CASGGDSAETLYF
PB1,CASGDDSAETLYF
PB1,CASSGDSAETLYF
PB1,CASGGLDSAETLYF
PB1,CASSGTDSAETLYF
M38,CASSQDRGNTLYF
M38,CASSDEGASYEQYF
M38,CTCSAGTGGYNYAEQFF
M38,CASSRDWNTGQLYF
M38,CASSPRTGGYNYAEQFF
M38,CTCSAGTGGYNYAEQFF
NP,CASSARTANTEVFF
NP,CASSGDSAETLYF
NP,CASSRDSAETLYF
NP,CTCSAASGSNSDYTF
NP,CASSQDRRNSYNSPLYF
NP,CASSGGSNTGQLYF
NP,CASSGGANTGQLYF
NP,CASSARTANTEVFF
NP,CASSGGGRTGQLYF
NP,CASSGGANTGQLYF
F2,CASSIDTGGFYEQYF
F2,CASSAGTGDTEVFF
F2,CASSPGDISYEQYF
F2,CASSPGQNTEVFF
F2,CASSDFISNERLFF
F2,CASSIGDYAEQFF
F2,CASSAGTGGKAPLF
F2,CASSKGDYAEQFF
F2,CASSGGQLNTEVFF
F2,CASSAGRDTEVFF
F2,CASSIDTGGFYEQYF
F2,CASSPGTDTEVFF
F2,CASSIGGLYAEQFF
F2,CASSPGQDYTEVFF
F2,CASSPGDTGQLYF
F2,CASSRVAGTGGAPAEQFF
F2,CASSQDLGGVYEQYF
F2,CASSAGQVNTEVFF
F2,CASSAGANTEVFF
PB1,CASSFPDSAETLYF
PB1,CASGGGDAAETLYF
PB1,CASGGNSAETLYF
PB1,CASSSDSAETLYF
PB1,CASSGDSAETLYF
PB1,CAWSPDSAETLYF
PB1,CASSQDSAETLYF
PB1,CASSGTDSAETLYF
PB1,CASSWDSAETLYF
PB1,CASSPDSAETLYF
PB1,CASSPDSAETLYF
PB1,CASGGDSSAETLYF
PB1,CASSWDSAETLYF
PB1,CASSLLGVSYEQYF
PB1,CASSDAQFSYNSPLYF
PB1,CASSIGDSAETLYF
PB1,CASRTGSAETLYF
PB1,CASTGTSAETLYF
PB1,CASSGQDSAETLYF
PB1,CASSPDSAETLYF
PB1,CASSGTSAETLYF
PB1,CASSFDSAETLYF
PB1,CASSRDSAETLYF
PB1,CASTGDSNERLFF
PB1,CASLGDSAETLYF
PB1,CASSRDSAETLYF
PB1,CASSPDSAETLYF
PB1,CASSFSGTGSNERLFF
PB1,CASGGDSAETLYF
PB1,CASGGESNERLFF
PB1,CASSGDSAETLYF
PB1,CASRGAASAETLYF
PB1,CASSGDSAETLYF
PB1,CTCSGDSAETLYF
PB1,CGARDGGDSAETLYF
PB1,CASSLYRSAETLYF
PB1,CASSSDSAETLYF
PB1,CASRPGTDSAETLYF
PB1,CASSADSAETLYF
PB1,CASSLDSAETLYF
PB1,CASSSDSAETLYF
PB1,CASKGTTSAETLYF
NP,CASSGGSNTGQLYF
NP,CASSQDRRNSYNSPLYF
NP,CASSGGANTGQLYF
NP,CASSQDLGGTYEQYF
NP,CASSGGANTGQLYF
NP,CASSDSGNTEVFF
NP,CAWSHTGGARNTLYF
NP,CTCSADRRDSYNSPLYF
NP,CASSGGANTGQLYF
NP,CASSPGPSSYEQYF
NP,CASSGGGNTGQLYF
NP,CASSQDRRNSYNSPLYF
NP,CGARDGGGEQYF
NP,CASSQDRRNSYNSPLYF
NP,CASRGGANTGQLYF
NP,CAWSHTGGARNTLYF
NP,CASSGGANTGQLYF
NP,CASSGGGNTGQLYF
NP,CASSLSGRGNSPLYF
NP,CAWSPGQGATRVFF
NP,CASSGGANTGQLYF
NP,CASSGGSNTGQLYF
PB1,CASGGDSAETLYF
PB1,CASSDDSAETLYF
PB1,CASSPPDSAETLYF
PB1,CASGGRDSAETLYF
PB1,CASMGTSAETLYF
PB1,CAWGGTSSAETLYF
PB1,CASSRDSAETLYF
M38,CTCSAGTGGYNYAEQFF
M38,CTCSTGTGGFNYAEQFF
M38,CATGTGSSAETLYF
M38,CTCSAGTGGYNYAEQFF
M38,CTCSAGTGGYNYAEQFF
M38,CTCSAGTGGYNYAEQFF
M38,CTCSAGTGGYNYAEQFF
M38,CASSDRGYAEQFF
M38,CASSPGTGGYNYAEQFF
M38,CTCSAGTGGYNYAEQFF
M38,CASSFWGRDQDTQYF
M38,CASSSGTGGYNYAEQFF
M38,CASSGTGGGAEQFF
M38,CASPGTGGDEQYF
M38,CTCSPGTGGYNYAEQFF
M38,CASSPGTGGYNYAEQFF
M38,CTCSGGTGGYNYAEQFF
M38,CASSGDWGYEQYF
M38,CASSEHWGFNQDTQYF
M38,CTCSGGTGGYNYAEQFF
M38,CGASPGTGGYNYAEQFF
M38,CTCSSGTGGFNYAEQFF
M38,CAWSPGTGGYNYAEQFF
M38,CASSTGTGGYNYAEQFF
M38,CTCSAGTGGYNYAEQFF
M38,CASSPDWGGYAEQFF
M38,CTCSPGTGGYNYAEQFF
M38,CASSFWGRDQDTQYF
M38,CGAIRDWGYEQYF
M38,CASSFWGRDQDTQYF
M38,CASSLGGEGEQYF
PB1,CASGGTSNERLFF
PB1,CASSGDRDEQYF
PB1,CASRGDSAETLYF
PB1,CGARDGLDSAETLYF
PB1,CASSTGSAETLYF
PB1,CASSPDSAETLYF
PB1,CAWDWGSSAETLYF
PB1,CASSGDSAETLYF
PB1,CASAQDSAETLYF
PB1,CASGGQDSAETLYF
PB1,CASRGDSAETLYF
PA,CASSEDREFSAETLYF
PA,CASSEYEQYF
PA,CASSELGGQGEQYF
PA,CASSQDRNTLYF
PA,CASSLSGFEQYF
PA,CASSSGDF
PA,CASSIGGEVFF
PA,CASSPYEQYF
PA,CASSLSGFEQYF
PA,CASSWGGEQYF
PA,CASSWGEEVFF
PA,CASREGGFSNERLFF
PA,CASSQGDEQYF
PA,CASSPDRGEQYF
PA,CASTQGAEVFF
PA,CASSWGGEQYF
PA,CASSLDRGEVFF
PA,CASSSGQEVFF
PA,CASSLGGPTEVFF
PB1,CASSGDSAETLYF
PB1,CASTAGDSAETLYF
PB1,CASGEDSAETLYF
PB1,CASSWWGSSYEQYF
PB1,CASMTTSAETLYF
PB1,CASSGDSAETLYF
PB1,CASSGDSAETLYF
PB1,CASSRDSDERLFF
PB1,CASSADSAETLYF
PB1,CASRGQSSAETLYF
PB1,CASSLDRDSAETLYF
PB1,CASGEPGLGGDQDTQYF
PB1,CASSRDSAETLYF
M45,CASSLGSQNTLYF
M45,CASSPGTGDYAEQFF
M45,CASSLLGDYAEQFF
M45,CASSFRGDYAEQFF
M45,CASSFRGDAEQFF
M45,CASSLRGDYAEQFF
M45,CASSLASSGNTLYF
M45,CASSLGGHERLFF
M45,CASSLGSAETLYF
M45,CASSLEVGRAETLYF
M45,CASSPLGTGGEQYF
M45,CASGERDWGDEQYF
M45,CASSRLGSSAETLYF
M45,CASSLRGDNQAPLF
M45,CASSYRDDTQYF
M45,CASSFRGWGEQYF
NP,CASSGGANTGQLYF
NP,CASSGGSNTGQLYF
NP,CASSGGSNTGQLYF
NP,CASSDSRNTEVFF
NP,CASSGGSNTGQLYF
NP,CASKGGGNTGQLYF
NP,CASSGGSNTGQLYF
PB1,CASSPDSAETLYF
PB1,CASSFRDSAETLYF
PB1,CASLRGSAETLYF
PB1,CASSLESAETLYF
PB1,CASSLDSAETLYF
PB1,CASRTGLDSAETLYF
PB1,CASSRDSAETLYF
PB1,CASSDGDSAETLYF
PB1,CASSQDSAETLYF
PB1,CTCSGRDSAETLYF
PB1,CASSGDSAETLYF
PB1,CASSLDSAETLYF
PB1,CASSHDSAETLYF
PB1,CASSKDSAETLYF
PB1,CASSGESAETLYF
PB1,CTCSADGVSYEQYF
PB1,CTCSGDGAETLYF
PB1,CASSSDSAETLYF
PB1,CASSFPDSAETLYF
PB1,CAWSLDSAETLYF
PB1,CASSRDSAETLYF
PB1,CASSFQDSAETLYF
PB1,CASSQDSAETLYF
PB1,CAWRKLGGGEAEQFF
PB1,CASSGDSAETLYF
PB1,CASSGWESAETLYF
PB1,CASSIGWGAYEQYF
PB1,CASSQDSAETLYF
PB1,CASSGNSAETLYF
PB1,CAWRGLDSAETLYF
PB1,CASGGESAETLYF
PB1,CTCSGDSAETLYF
PB1,CASSLDSAETLYF
PB1,CASSRDSAETLYF
PB1,CASSRDSAETLYF
PB1,CTCSGRDSAETLYF
PB1,CASRGTTSAETLYF
PB1,CASDWGDSAETLYF
PB1,CAWTGGQDTQYF
PA,CASSLDRGEVFF
PA,CASSSGGEVFF
PA,CASSWGAEQFF
PA,CASSLGAEQFF
PA,CASSREDRGPQDTQYF
PA,CASSQEGQANSDYTF
PA,CASSLSGFEQYF
PA,CASSTGDEQYF
PA,CASSLRDWGLYEQYF
PA,CASSLDRGEVFF
PA,CASSWGAEQFF
PA,CASIQYNQAPLF
PA,CASSLSPERLFF
PA,CASSTGLAPLF
PA,CASSLDRGGLFF
PA,CASIGYNYAEQFF
PA,CASSSPAEQFF
PA,CASSSPDTQYF
PA,CASSPTGQLYF
PA,CASSADRDGNTLYF
PA,CASSSGTEVFF
PA,CASSIGSEQYF
PA,CASSSGGGLFF
PA,CASGDDWASAETLYF
PA,CASSEGGEQYF
PA,CASSFGGEVFF
PA,CTCSAETGEGYEQYF
PA,CASSYGAEVFF
PA,CASSIGGEVFF
PA,CASSLGAEQFF
PA,CASSIGGEVFF
PA,CASSEGEAPLF
PA,CASTGGYEQYF
PA,CASSWGNEQYF
F2,CASSPGTGDTEVFF
F2,CASSPDSSYNSPLYF
F2,CASSPNSGNTLYF
F2,CASSPGTGGVTEVFF
F2,CASSPGTTNTEVFF
F2,CASSPGQYTEVFF
F2,CASSPGSNTEVFF
F2,CASSPGANTEVFF
F2,CASSRDISYNSPLYF
F2,CASSPDAEQFF
F2,CASSALGGLDTQYF
F2,CASSLGLGGRQDTQYF
F2,CASGTGENSDYTF
F2,CASSLGDYAEQFF
m139,CASSSGGSAETLYF
m139,CASRSGGGGQNTLYF
m139,CASSPSQNTLYF
m139,CASSPGSSDYTF
m139,CGASWGVEQYF
m139,CASSLVGQDTQYF
m139,CATGTGSSAETLYF
m139,CASSEGQGEVFF
M38,CASSENWGYEQYF
M38,CTCSSGTGGYNYAEQFF
M38,CTCSAGTGGYNYAEQFF
M38,CASSAGTGGYNYAEQFF
M38,CASSLGDNYAEQFF
M38,CASSRDWGGYAEQFF
M38,CTCSAGTGGYNYAEQFF
M38,CASSPGTGGYNYAEQFF
M38,CASSHDWGSSQNTLYF
PA,CASTTGTGVVFF
PA,CASSLSSRGQGSDYTF
PA,CASSLGGRVFF
PA,CAAWGENYAEQFF
PA,CASSFGAEQFF
PA,CASSFGQAPLF
PA,CASSPTGGGNERLFF
PA,CASSIGDEQYF
PA,CASSWGGEQYF
PA,CASSLPEGPTGQLYF
PA,CASSLNRGRLYF
PA,CASSPDRGRLFF
PA,CASSLGGEVFF
PA,CASSLTGEQYF
PA,CASSLGGEQYF
PA,CASTQGGAPLF
PA,CASSSGQAPLF
PA,CASSLGGEVFF
PA,CASSSGEAPLF
PA,CASSWGVEQYF
PA,CASSIGDEQYF
PA,CASTGGQAPLF
PA,CASSSGQAPLF
PA,CASSEGERLFF
PA,CASSSSGQLYF
PA,CASSGGQAPLF
PA,CASTTGTGVVFF
PA,CASSPRDWGNYEQYF
PA,CASSFNRELSNERLFF
PA,CASSPDRGEVFF
PA,CASSPTGGDQNTLYF
PA,CASSSGTEVFF
PA,CASSLGGGVFF
PA,CASSPDRGEQYF
PA,CASSLSNRGQDSDYTF
PA,CASSASNFSNERLFF
PA,CASSLGGYEQYF
PA,CASSLGDEQYF
PA,CASSWGSEQYF
PA,CASSIGDEQYF
NP,CASSLDWGANTGQLYF
NP,CASSQDRRNSYNSPLYF
NP,CASGDGGYEQYF
NP,CASSPGLGGEQDTQYF
NP,CASKGGANTGQLYF
NP,CASSPRVANTEVFF
NP,CASSDRGEQYF
NP,CASSQESLPSNERLFF
NP,CASGEQYF
NP,CASSIVGGGAETLYF
NP,CASSVARDEQYF
NP,CASSSRTGSYAEQFF
NP,CASSDAATSEVFF
NP,CTCSADWRNSYNSPLYF
NP,CASSQEDWGQNTLYF
NP,CASSGGSNTGQLYF
NP,CASRRTGGNAEQFF
NP,CASSPRKQLYF
NP,CASSQDRRNSYNSPLYF
NP,CASSDNSQNTLYF
NP,CASSGGSNTGQLYF
NP,CASSGGANTGQLYF
NP,CASSQDLGGVYEQYF
NP,CASSGGANTGQLYF
NP,CASSDHRTTEVFF
NP,CASSGGANTGQLYF
NP,CAWRPTASYEQYF
NP,CASSGGGNTGQLYF
NP,CASSGGANTGQLYF
NP,CASSQDLGGVYEQYF
NP,CASSDSKNTEVFF
NP,CASSDSKNTEVFF
NP,CASSGGGNTGQLYF
PB1,CASSFRDSAETLYF
PB1,CTCGGGDSAETLYF
PB1,CASTLRDSDYTF
PB1,CASGGDSAETLYF
PB1,CTCSGGDAAETLYF
PB1,CASSGGLGASAETLYF
PB1,CASSPLDSAETLYF
PB1,CASKETTSAETLYF
PB1,CASSHDSAETLYF
PB1,CASSGESAETLYF
PB1,CASSDWGGADQDTQYF
PB1,CASSRDSAETLYF
PB1,CASSGESAETLYF
PB1,CASSMDSAETLYF
PB1,CASSGGLGSSAETLYF
PB1,CASSSDWDSAETLYF
PB1,CASSGGSAETLYF
PB1,CASSADWGYAEQFF
PB1,CASGGDSAETLYF
PB1,CASSQDSAETLYF
PB1,CASGGESAETLYF
PB1,CASSMDSAETLYF
PB1,CACPPGLGGSAETLYF
PB1,CASSQDSAETLYF
PB1,CAWRPDWGGSAETLYF
PB1,CASSGDSAETLYF
PB1,CASSQDSAETLYF
PB1,CASSQDSAETLYF
PB1,CASKWDSAETLYF
PB1,CAWGLESAETLYF
PB1,CASSDNSAETLYF
PB1,CASSGESAETLYF
PB1,CAWGTTSAETLYF
PB1,CASGGTDSAETLYF
PB1,CASSWDSAETLYF
PB1,CASSSDSAETLYF
PB1,CASSRPDSAETLYF
PB1,CASRGLESAETLYF
PB1,CASSGQDSAETLYF
PB1,CASGGESAETLYF
PB1,CASRGTTSAETLYF
PB1,CASSWDSAETLYF
NP,CASSQDQGAPERLFF
NP,CASSLARDEQYF
NP,CASSDSAATEVFF
NP,CASSGGGNTGQLYF
NP,CASSPGPSSYEQYF
NP,CASSLGPSSYEQYF
NP,CASSDVGGKTEVFF
NP,CASSQDLGGVYEQYF
NP,CASSLRGLSQNTLYF
NP,CASSLTPGQGERNTEVFF
NP,CASSGGANTGQLYF
M38,CTCSAGTGGFNYAEQFF
M38,CTCSSGTGGFNYAEQFF
M38,CTCSAGTGGFNYAEQFF
M38,CTCSADRVNTEVFF
M38,CTCSSGTGGFNYAEQFF
M45,CASSFSGDYAEQFF
M45,CASSMDWGFGQDTQYF
M45,CGASWGNTGQLYF
M45,CASSLSSQNTLYF
M45,CASSGQNSYNSPLYF
M45,CASSSWGSQDTQYF
M45,CASSYRGDYAEQFF
M45,CASSLGNGNTLYF
M45,CASSPLGTSAETLYF
M45,CASGDRDWGDEQYF
M45,CASSVPGQGDTGQLYF
M45,CASSLRGDNQAPLF
M45,CASSLGGADTLYF
M45,CASSRSGNSDYTF
M45,CASSPLGTSAETLYF
M45,CASSLGTDYAEQFF
M45,CASSLVLGGREQYF
M45,CASSRLGSSAETLYF
M45,CASSLSANSDYTF
M45,CASRYRGDYAEQFF
M45,CASSPLGSSAETLYF
NP,CASSDAASTEVFF
NP,CASSQDRRNSYNSPLYF
NP,CASSRARDEQYF
NP,CASSLARNEQYF
NP,CASSGGSNTGQLYF
NP,CASSGGSNTGQLYF
NP,CASSTRDRRSQNTLYF
NP,CASSQDRRNSYNSPLYF
NP,CGAREGTRNTEVFF
NP,CASSRARDEQYF
NP,CASSGGGNTGQLYF
NP,CASSGGANTGQLYF
NP,CASRQGYEQYF
NP,CASSRGLGGINTGQLYF
NP,CASSPSRATEVFF
NP,CASSGGSNTGQLYF
NP,CASSGGSNTGQLYF
NP,CASSWDRGEQYF
NP,CASSRDLSGNYAEQFF
NP,CASSSGTGVVEQYF
NP,CASSQDRRNSYNSPLYF
NP,CASSPGPTNERLFF
NP,CASSQERGSGNTLYF
NP,CASSGGGNTGQLYF
NP,CASSQDRRNSYNSPLYF
PA,CASSGGGEQYF
PA,CASSLDRGEVFF
PA,CASSPDRGEQYF
PA,CASSGGAEQFF
PA,CASSMGNPVFF
PA,CASSQDEDGFYEQYF
PA,CASSLDRAEVFF
PA,CASSFGGMQFF
PA,CASSDRDRDPGNTLYF
PA,CASSPDRGQLYF
PA,CASSWGDEQYF
PA,CASSTGGGEFF
PA,CASWDRGSSYEQYF
PA,CASSIGDEQYF
PA,CASSGGGEVFF
PA,CASSWGDEQYF
PA,CASTWGGEQYF
PA,CASSREQDRGWEQYF
PA,CASSWGGEVFF
PA,CASSLSGTDFSNERLFF
PA,CASSIGGEVFF
PA,CASSEGQPNSDYTF
PA,CASSQEADSYEQYF
PA,CASSLGSEQYF
PA,CASSYGAEQFF
PA,CASSIGNEQYF
PA,CASSFGGMQFF
PA,CASSIGERLFF
PA,CASSGGGEQYF
PA,CASSLGDEQYF
PA,CASSSPGEQYF
PB1,CASSEPDSAETLYF
PB1,CASSADSAETLYF
PB1,CASSSWGGLSQNTLYF
PB1,CASSIVGGGAETLYF
PB1,CASGDALETLYF
PB1,CASSPDSAETLYF
PB1,CASGTGEYAEQFF
PB1,CASSPDSAETLYF
PB1,CASSIGDEQYF
NP,CASSRTAPNERLFF
NP,CASSGGANTGQLYF
NP,CASSGGSNTGQLYF
NP,CASSDHRRTEVFF
NP,CASSGGANTGQLYF
NP,CASSQDRRNSYNSPLYF
NP,CASSGGANTGQLYF
NP,CASSRRLGGLGAEQFF
NP,CASKGGSNTGQLYF
NP,CASSGGSNTGQLYF
NP,CASSGGANTGQLYF
NP,CASSGGSNTGQLYF
NP,CASRPWGGYEQYF
NP,CASRDSANTEVFF
NP,CASADNYNSPLYF
NP,CASSGGSNTGQLYF
NP,CASSGGANTGQLYF
NP,CASSLARDEQYF
NP,CASKGGSNTGQLYF
NP,CASRDSANTEVFF
NP,CASSDERGRDQDTQYF
NP,CASSLGPSSYEQYF
NP,CASSQDRVRYEQYF
NP,CASSQDLGGLYEQYF
NP,CASRGGGNTGQLYF
NP,CASSQDLGGVYEQYF
NP,CASSPWGGARAEQFF
NP,CASSQDMGGRSYEQYF
NP,CASSLARDEQYF
NP,CASSGGANTGQLYF
NP,CASSQVINSGNTLYF
F2,CASSIGDTYEQYF
F2,CASSWGANTEVFF
F2,CASSIDTGTNTGQLYF
F2,CASSPGDYAEQFF
F2,CASSSGDYAEQFF
F2,CASSLSNGGLDTQYF
F2,CASSGDLNSGNTLYF
F2,CASSPGDSYEQYF
F2,CASSMGANTEVFF
F2,CASSPGQTYEQYF
F2,CASSRGLGVEQYF
F2,CASSLLQTNTEVFF
F2,CASSQGQIGSDYTF
F2,CASSLLNSGNTLYF
F2,CASSPGTDNQDTQYF
F2,CASSLLLGVLAEQFF
F2,CASSRDRVGAETLYF
F2,CASSIGDNYEQYF
F2,CASSIGDSYEQYF
F2,CASSLLNSGNTLYF
F2,CASSIGDSYEQYF
F2,CASSWGDYAEQFF
F2,CASSIGDYAEQFF
F2,CASSVGGGQDTQYF
F2,CASSRGLTSAETLYF
F2,CASSMGTDTQYF
F2,CASSTGTGMEQYF
F2,CASSPGDYAEQFF
F2,CASSPGTTYEQYF
F2,CASSWGDYAEQFF
F2,CASGELGASAETLYF
PB1,CAWTGTSAETLYF
PB1,CASSLTDSYEQYF
PB1,CASRGESAETLYF
PB1,CASSQDWGGDTLYF
M38,CTCSAGTGGYNYAEQFF
M38,CTCSAGTGGYNYAEQFF
M38,CTCSAGTGGYNYAEQFF
M38,CTCSAGTGGYNYAEQFF
M38,CTCSAGTGGYNYAEQFF
M38,CTCSAGTGGYNYAEQFF
M38,CAWSPGTGGYNYAEQFF
M38,CASSAGTGGYNYAEQFF
M38,CTCSAGTGGYNYAEQFF
M38,CASSEENTEVFF
M38,CASSAGTGGYNYAEQFF
M38,CTCSAGTGGYNYAEQFF
M38,CTCSAGTGGYNYAEQFF
M38,CTCSAGTGGYNYAEQFF
NP,CASSEGKEVFF
NP,CTCSTRASNTEVFF
PB1,CGARDGGLNTGQLYF
PB1,CAWSPDSAETLYF
PB1,CASSPGQGYEQYF
PB1,CSSSWSSAETLYF
PB1,CASSFRDSAETLYF
PB1,CTCSAGTGVAEQFF
PB1,CASSLWGDYYEQYF
m139,CASSIPRVYNSPLYF
m139,CASSPWGGQGGGNTLYF
m139,CASGDPGGNQDTQYF
m139,CASGDGGTEKYAEQFF
m139,CASSLDHGLGGHYAEQFF
NP,CASSHDRRNSYNSPLYF
NP,CASSPGPSSYEQYF
NP,CASSHDRRNSYNSPLYF
NP,CASSHDRRNSYNSPLYF
NP,CASSGGSNTGQLYF
M45,CASSLLGDYAEQFF
M45,CASSYRTDYAEQFF
M45,CASSGLGVSAETLYF
M45,CASSPLGSSAETLYF
M45,CASSLGSQNTLYF
M45,CASSLGSQNTLYF
M45,CASSQGSGNTLYF
M45,CASSLRGDNSPLYF
M45,CASSLRGDNQAPLF
M45,CASSPGGKETLYF
M45,CASSDYWGVEQYF
M45,CASSKWGAVEAEQFF
M45,CASSIWGAYAEQFF
M45,CASSFRENTLYF
M45,CASSDFSNSDYTF
M45,CASSPLGASAETLYF
M45,CASASDWGRQDTQYF
M45,CASSIWGAYAEQFF
M45,CASSYRTDYAEQFF
M45,CASGERDWGDEQYF
M45,CASSLIGLGEDTQYF
M45,CASSLGGSETLYF
M45,CASSSTGGDAEQFF
M45,CASSLIGLGEDTQYF
NP,CASSQDRRNSYNSPLYF
NP,CASSGGGNTGQLYF
NP,CASSDHRNTEVFF
NP,CASSGGSNTGQLYF
NP,CASSGGSNTGQLYF
NP,CASRGGGHTGQLYF
NP,CASGETAGNTLYF
NP,CASSLWASSYEQYF
NP,CASSGGSNTGQLYF
NP,CASRDSANTEVFF
NP,CASGETAGNTLYF
NP,CASSGGSNTGQLYF
NP,CASSDARTTEVFF
PB1,CASSADSAETLYF
PB1,CASSGDSAETLYF
PB1,CAWSESSAETLYF
PB1,CASSGLDSAETLYF
PB1,CAWSPDSAETLYF
PB1,CASSFWDSAETLYF
PB1,CASSSDSNERLFF
PB1,CASGDDSAETLYF
PB1,CASGTDSAETLYF
PB1,CASSGRDSAETLYF
PB1,CASSRSSAETLYF
PB1,CAIAGSSAETLYF
PB1,CASRGLESAETLYF
PB1,CASSIDSAETLYF
PB1,CASMGTSAETLYF
PB1,CASSLGLGLIYEQYF
PB1,CTCSGLDSAETLYF
PB1,CASSQDSAETLYF
PB1,CASRGQDSAETLYF
PA,CASSIGGEVFF
PA,CASSGGAEVFF
PA,CASTEGGEQYF
PA,CASSIGSEQFF
PA,CASSGGNEQYF
PA,CASTLGGEVFF
PA,CASSSGGGVFF
PA,CASSFGERLFF
PA,CASSLSSRGPNSDYTF
PB1,CASSWDSAETLYF
PB1,CASSDDWETLYF
PB1,CASSERDWGGEQYF
PB1,CTCSADRENTEVFF
PB1,CTCSADRINQDTQYF
PB1,CASSSDSAETLYF
PB1,CASGGDSSAETLYF
PB1,CASSSDSAETLYF
PB1,CTCSGRTSAETLYF
PB1,CASSDDTYAEQFF
PB1,CASSQEDTSNERLFF
PB1,CASSLGTDQDTQYF
PB1,CAIRATSAETLYF
PB1,CASSLFPGQANSDYTF
PB1,CASSDAPTSNERLFF
PB1,CASSNLEAEQFF
PB1,CASSSPRDRGTSAETLYF
PB1,CASSQDSAETLYF
NP,CASSDNYNSPLYF
NP,CASSQDSYANTEVFF
m139,CASSLTLQDTQYF
m139,CASSQTGVEQYF
m139,CASSLDRNTGQLYF
m139,CASSQTGVEQYF
m139,CASSASGRAEQFF
m139,CASSIRKNTEVFF
m139,CASSLTLQDTQYF
m139,CASSFPGKGTGQLYF
m139,CASGDKYAEQFF
m139,CASSDAQWTNTEVFF
m139,CASSQDKGQANTEVFF
m139,CASSETGDEQYF
m139,CASGETSQNTLYF
m139,CASSGTGVGNTLYF
m139,CASSGGSAETLYF
m139,CASSQDLGTANTEVFF
m139,CASSGGSAETLYF
PB1,CASNPGQSAETLYF
PB1,CASSRDSAETLYF
PB1,CASSFADSAETLYF
PB1,CASSRDSAETLYF
PB1,CASSPPTDSAETLYF
PB1,CASSFQDSAETLYF
PB1,CASSLESAETLYF
PB1,CASGGDSSAETLYF
PB1,CASSRDSAETLYF
PB1,CASSDGFYEQYF
PB1,CASSSDSAETLYF
PB1,CASSWASAETLYF
PB1,CASSFGTYAEQFF
PB1,CAWSGDSAETLYF
PB1,CASSSDSAETLYF
PB1,CATGTGSSAETLYF
PB1,CASSSDSAETLYF
PB1,CASSFGSAETLYF
PB1,CAWTPDSAETLYF
PB1,CASSLDSAETLYF
PB1,CASSQDSAETLYF
PB1,CASSSDSAETLYF
PB1,CASSWASAETLYF
PB1,CASGGDSSAETLYF
PB1,CASSFDSAETLYF
PB1,CASTRGESAETLYF
PB1,CASSSDSAETLYF
PB1,CASGGTDSAETLYF
PB1,CATGTGSSAETLYF
PB1,CASGEPGQGQDTQYF
PB1,CASSTGFYNSPLYF
PB1,CASGERRDRGDNERLFF
PB1,CASGERRDRGDNERLFF
PB1,CASGGDSAETLYF
PB1,CASSRDSAETLYF
PB1,CASTGDSAETLYF
PB1,CASSSDSAETLYF
PB1,CASSSDSAETLYF
PB1,CASSGSSAETLYF
PB1,CASSGGSNTGQLYF
PB1,CASSWASAETLYF
PB1,CASSLDSAETLYF
PB1,CASSGDSAETLYF
PB1,CASSSDSAETLYF
PB1,CASRGGESAETLYF
PB1,CASSLAQNTGQLYF
PB1,CASGGDSAETLYF
PB1,CASIPGLGGSAETLYF
PB1,CASTGTDSAETLYF
PB1,CASSFDSAETLYF
PB1,CASSPGTGKNTLYF
PB1,CASSSDSAETLYF
PB1,CASGEPGQGQDTQYF
PB1,CASSGTDSAETLYF
M45,CASSRLGSSAETLYF
M45,CASSRLGTSAETLYF
M45,CASSFRGDNQAPLF
M45,CASSSWGVSAETLYF
M45,CASSRLGSSAETLYF
M45,CASSWKGDNSPLYF
M45,CASSLTGDYAEQFF
M45,CASSLTGDYAEQFF
M45,CASSPTGVAEQFF
M45,CASSSMGGAAETLYF
M45,CASSPLGTSAETLYF
M45,CASSRQNSDYTF
M45,CASSRLGSSAETLYF
M45,CASSGLGTSAETLYF
M45,CASSPLGSSAETLYF
PB1,CASSHGRGNTLYF
PB1,CASGDTSAETLYF
PB1,CASSSDSAETLYF
PB1,CASTGGSAETLYF
PB1,CASSDGEQYF
PB1,CASSLDWGYEQYF
PB1,CASSPTGGDAETLYF
PB1,CTCSAQTYEQYF
PB1,CASSDSKNTEVFF
PB1,CASTGDRGEVFF
PB1,CASSQERGETYEQYF
PB1,CASSFNSAETLYF
PB1,CASSLSGEGNTEVFF
PB1,CASSLGQAGDEQYF
PB1,CASRGQTSAETLYF
PA,CASSQGREQYF
PA,CASSFGQAPLF
PA,CASSWDRGEQYF
PA,CASSGTGGHERLFF
PA,CASSEGREQYF
PA,CASSDAGGQNTLYF
PA,CASSLGGYEQYF
PB1,CASSTESAETLYF
PB1,CASSSDSAETLYF
PB1,CASWGDSAETLYF
PB1,CASSSDSAETLYF
PB1,CASSSDSAETLYF
PB1,CASSGTDSAETLYF
m139,CASSPGTGGDTEVFF
m139,CASSAGTSEVFF
m139,CASSAGTSEVFF
m139,CASSIRNYAEQFF
m139,CASSINRGNTLYF
m139,CASSQGPDYTF
m139,CASSLDWGGVNQDTQYF
m139,CASSTGTPNSDYTF
m139,CASSDAGGARVFF
m139,CASSEGVTEVFF
m139,CASTGAGNTLYF
m139,CASSQDRNTGQLYF
m139,CASSGTGQDTQYF
m139,CASGDAGTGVYAEQFF
m139,CASSRTGQDTQYF
m139,CASSGTGQNTQYF
m139,CASSPLTGGAYEQYF
m139,CASSEGITEVFF
m139,CASGAGPYEQYF
m139,CASSDHRATEVFF
m139,CASTSGVGQDTQYF
m139,CASSGTGQDTQYF
m139,CASSSTGRNTQYF
M38,CTCSAGTGGYNYAEQFF
M38,CTCSGGTGGYNYAEQFF
M38,CATGTGSSAETLYF
M38,CTCSGGTGGYNYAEQFF
M38,CATGTGSSAETLYF
M38,CTCSASPERLFF
M38,CASSQDGSQNTLYF
M38,CASSAGTGGFNYAEQFF
M38,CTCSGGTGGYNYAEQFF
M38,CASSFGTANSDYTF
PB1,CASSPTSAETLYF
PB1,CASSQDSAETLYF
PB1,CASSGDSAETLYF
PB1,CASSLDSAETLYF
PB1,CASSLPDSAETLYF
PB1,CASSPGDSAETLYF
PB1,CAWTASSNERLFF
PB1,CASGGGDSAETLYF
PB1,CASSTGINQDTQYF
PB1,CASGGLDSAETLYF
PB1,CASSGDSAETLYF
PB1,CASRDWDSAETLYF
PB1,CAWTGTSAETLYF
PB1,CASSQAERTNTGQLYF
PB1,CASSLDSAETLYF
PB1,CASSDGTEVFF
PB1,CASSSDSAETLYF
PB1,CASSQDSAETLYF
PB1,CASSWDSQNTLYF
PB1,CASGGTDSAETLYF
PB1,CASSQDSAETLYF
PB1,CASSLDSAETLYF
PB1,CASGDPGIQDTQYF
PB1,CASSGGSNTGQLYF
PB1,CAWTASSNERLFF
PB1,CATTGSSAETLYF
PB1,CACGGTDSAETLYF
PB1,CASSGDSAETLYF
PB1,CASSDDSAETLYF
PB1,CASSQDSAETLYF
PB1,CASSGSSAETLYF
PB1,CASGEDSAETLYF
PB1,CAWTGFSNERLFF
PB1,CASSSDSAETLYF
PB1,CASSLDSAETLYF
PB1,CASSPDSAETLYF
PB1,CASTGTSNERLFF
PB1,CASSGHSAETLYF
PB1,CTCSGDSAETLYF
PB1,CASSTGGAYEQYF
PB1,CASSLHRANTEVFF
PB1,CASSGDSAETLYF
PB1,CASNGGSSAETLYF
PB1,CASGDREEQYF
PB1,CASSRDSAETLYF
PB1,CASRGHSSAETLYF
PB1,CASSSTSAETLYF
PB1,CASSRDSAETLYF
PB1,CASSRDSAETLYF
PB1,CASSSPDSAETLYF
PB1,CASGDDDAEQFF
PB1,CASSFTGGTGQLYF
PB1,CASSSDSAETLYF
PB1,CASSNLDSAETLYF
PB1,CAWSLGDSAETLYF
PB1,CASSSDSAETLYF
PB1,CASGGDSAETLYF
PB1,CASSPYWGARGAETLYF
PB1,CASSFRDSAETLYF
PB1,CASRDLDSAETLYF
PA,CASSIGSEQYF
PA,CASSIGERLFF
PA,CASTMGERLFF
PA,CASSQEGDSYEQYF
PA,CASSHDRGQLYF
PA,CASSQEGGPNSDYTF
PA,CASSQGDTQYF
PA,CASSSYEQYF
PA,CASSLDRGQVFF
PA,CASSLGERLFF
PA,CASSLGGYEQYF
PA,CASSFGQAPLF
PA,CASTSGTGVVFF
PA,CASSPDRGALYF
PA,CASSSYEQYF
PA,CASSGDWGGETLYF
PA,CASSLGERLFF
PA,CASSSGETLYF
PA,CASSPDRGALYF
PA,CASSQETGGVTYEQYF
PA,CASSSYEQYF
PA,CASSHDRGQLYF
PA,CASSPDRGALYF
PA,CASSIGGEVFF
PA,CASSIGGEQYF
PA,CASSDADWGVGETLYF
PA,CASSLGGYEQYF
PA,CASSSGETLYF
PA,CASSRETGVSYEQYF
PA,CASSLGAEQFF
PA,CASGDRDWEVYEQYF
PA,CASSGNAEQFF
PA,CASSLSGYEQYF
PA,CASSPDRGEQYF
PA,CASSSYEQYF
PA,CASSGGSTLYF
PA,CASSLFGEQYF
PA,CASSPDRGRLFF
PA,CASSIGGEQYF
PA,CASSLRDWENAEQFF
PA,CASSPDRGQVFF
PA,CASSERDREDEQYF
PA,CASTGGYEQYF
PA,CGSAGGAEQYF
PA,CASWDSNQAPLF
PA,CASSSYEQYF
PA,CASSETGGHSDYTF
PA,CASSSYEQYF
PA,CASSLGGEQYF
PA,CASSTGAEQFF
PA,CASSISLRQFSAETLYF
PA,CASSFGGEVFF
PA,CASSTGSEVFF
PA,CASSAPNTLYF
NP,CAWSLGTGISDYTF
NP,CASSPEQRSSGNTLYF
NP,CASRGGGNTGQLYF
NP,CASSLDRRNSYNSPLYF
NP,CASSQDRRSSYNSPLYF
NP,CASSRGPSSYEQYF
NP,CASSGGANTGQLYF
NP,CASSLDRRNSYNSPLYF
NP,CASSDWGGKDTQYF
NP,CASRGGSNTGQLYF
NP,CASSIFRGRRTLYF
NP,CASSGGQGNSPLYF
NP,CASSQDRTGEYEQYF
NP,CASSLKRGGYAEQFF
NP,CASSRDRSYEQYF
NP,CASSPGPSSYEQYF
NP,CASSQDRRNSYNSPLYF
NP,CASSLADWGGRSSYEQYF
NP,CASSGGSNTGQLYF
NP,CASSGGANTGQLYF
NP,CASGADSAETLYF
NP,CASSGGANTGQLYF
NP,CGARDRDWGQNTLYF
NP,CASSLARDEQYF
NP,CASSLDRRNSYNSPLYF
NP,CASNSGTEVFF
NP,CASKGGGGTGQLYF
NP,CASSQDMGGYSYEQYF
NP,CASSLKRGGYAEQFF
NP,CASSDARTTEVFF
NP,CGARDGGGEQYF
NP,CASSGGANTGQLYF
NP,CASSGGSNTGQLYF
NP,CASSGGANTGQLYF
NP,CASKGGSNTGQLYF
NP,CGARGLGRAEQFF
NP,CASSLGGQKNTLYF
F2,CASSRGDYAEQFF
F2,CASSPGTGGAETLYF
F2,CASSPGMLEQYF
F2,CASSIGDTGQLYF
F2,CASSLAHQDTQYF
F2,CASSLLQLQDTQYF
F2,CASSIGQYNSPLYF
F2,CASSLLLGVYAEQFF
F2,CASSIGDYAEQFF
F2,CASSIGQYNSPLYF
F2,CASSPGTNTEVFF
F2,CASSIGQYNSPLYF
F2,CASSPGTGGTERLFF
F2,CASSLSQGARAEQFF
F2,CASSPGMLEQYF
F2,CASSLSQGARAEQFF
F2,CASSIDLTGTYEQYF
F2,CASSPGMLEQYF
F2,CASSAGSWDTQYF
F2,CASSWGDYAEQFF
F2,CASSSGTGYTEVFF
NP,CASSGGGNTGQLYF
NP,CTCSADYRNSYNSPLYF
NP,CASSGGGNTGQLYF
NP,CTCSADYRNSYNSPLYF
NP,CAWSLAGYEQYF
NP,CTCSADYRNSYNSPLYF
NP,CGARDGGGEVFF
NP,CTCSADYRNSYNSPLYF
NP,CASSQDRRNSYNSPLYF
NP,CASSILGGGAETLYF
NP,CGARDGGGEVFF
NP,CTCSGWESSYEQYF
NP,CGARDGGGEVFF
NP,CTCSGWESSYEQYF
NP,CASSLWGGNEQYF
NP,CASRGGANTGQLYF
NP,CASSGGANTGQLYF
NP,CASSLGDSLYNSPLYF
NP,CASSGGGNTGQLYF
NP,CTCSADYRNSYNSPLYF
NP,CGARDGGGEVFF
NP,CASSGGANTGQLYF
NP,CASSGGANTGQLYF
NP,CASNDNYNSPLYF
NP,CASSSWGGARAEQFF
NP,CASSILGGGAETLYF
NP,CASSGGSNTGQLYF
NP,CASSGGANTGQLYF
NP,CASSQDRRNSYNSPLYF
NP,CASSGGANTGQLYF
NP,CASSQDRRNSYNSPLYF
NP,CASSQDLGGRYEQYF
NP,CASSQDRRNSYNSPLYF
NP,CASSQDRRSSYNSPLYF
NP,CASSGGALTGQLYF
NP,CASRDSANTEVFF
M38,CASSRDWNTGQLYF
M38,CTCSAGTGGYNYAEQFF
M38,CASSPGTGGYNYAEQFF
M38,CASGDRTGGYNYAEQFF
M38,CASSRDQNTGQLYF
M38,CTCSAGTGGYNYAEQFF
M38,CASSPGTGGYNYAEQFF
M38,CASSRDQNTGQLYF
M45,CASSDPGGAGAETLYF
M45,CTCSGGTGGYNYAEQFF
M45,CASSSGGGSQNTLYF
M45,CTCSAGTGGYNYAEQFF
M45,CASSFTANSDYTF
M45,CASSRDWGPEDTQYF
M45,CASSFRGDYAEQFF
M45,CASGDRDWGDEQYF
M45,CASSLGGGGQLYF
M45,CASSFRGDTEVFF
M45,CASSRLGVSAETLYF
M45,CASSSGGDWGFNQDTQYF
M45,CASSLGGQNTLYF
M45,CASSLVGQGPDYTF
M45,CASGGDWGLNQDTQYF
M45,CASSLLGDYAEQFF
M45,CASSRLGVSAETLYF
M45,CASSYRGDTEVFF
M45,CASSLMGAPYEQYF
M45,CASSPLGASAETLYF
M45,CASSQLGTSAETLYF
M45,CASSDQQGLSAETLYF
M45,CASSFRGDYAEQFF
M45,CASSLRERAETLYF
M45,CASSFRGDYAEQFF
M45,CASSLRQGNTEVFF
M45,CASSPLGSSAETLYF
M45,CASSLTSNSDYTF
M45,CASSFSGLYEQYF
M45,CASSLAREDTQYF
M45,CASSLEDWGKDTQYF
M45,CASSFRGDQNTLYF
M45,CASSLTSNSDYTF
M45,CASSSPGLGDYAEQFF
M45,CASSHLGSYEQYF
M45,CASSPLGGSAETLYF
M45,CAWSPLTGGESGNTLYF
M45,CASSLGGQNTLYF
M45,CASSQNWGGAETLYF
M45,CASSDVGTINERLFF
M45,CASSLASQDTQYF
M45,CSSRDGGASYEQYF
M45,CASSRLGSSAETLYF
M45,CATPLGPWEQYF
M45,CASSPLGSSAETLYF
M45,CASSGTGIHEQYF
M45,CTCSAGTGGYNYAEQFF
M45,CASSGTANSDYTF
M45,CASSRLGASAETLYF
M45,CASSPLGASAETLYF
M45,CASSRLGASAETLYF
M45,CASSFSANSDYTF
M45,CAWSPGTGGYNYAEQFF
M45,CASSLPGGDTEVFF
M45,CASSDWGEADTQYF
M45,CASGDRDWGDEQYF
M45,CASSGTGEDEQYF
M45,CASRGQSSAETLYF
M45,CASSSMGASAETLYF
M45,CASSLGGRFEQYF
M45,CASSYWGGSYEQYF
M45,CASSLQGGEQYF
M45,CASSPGLGGHYEQYF
M45,CASSRLGTSAETLYF
M45,CASSDLDRSYEQYF
M45,CASSNDWGVDAEQFF
M45,CASSFRGDYAEQFF
M45,CASSLGGVSYKQYF
M45,CASSRNWGAQDTQYF
M45,CASSGPNSDYTF
M45,CASGDGTGGDTQYF
M45,CASSRLGASAETLYF
M45,CASSLEDWGDSQNTLYF
M45,CASSSLGSSAETLYF
PB1,CASSWTGEDTLYF
PB1,CASSHDSAETLYF
PB1,CASSLDPGEQYF
PB1,CTCSGTDSAETLYF
PB1,CASSDSGYEQYF
PB1,CAIETTSAETLYF
PB1,CASGEDSAETLYF
PB1,CASSDLREGGEQYF
PB1,CASSDAGQIYEQYF
PB1,CASSPDSAETLYF
PB1,CASTGTSAETLYF
PB1,CASSRDSAETLYF
PB1,CASSDWGGAETLYF
PB1,CASGGGDSAETLYF
PB1,CTCSGDSAETLYF
PB1,CASSGDSAETLYF
PB1,CASSLSDSAETLYF
PB1,CASGGDSSAETLYF
PB1,CASGDGQNYAEQFF
PB1,CASSLDSAETLYF
PB1,CASSFSSAETLYF
PB1,CASSPDSTGQLYF
PB1,CASGGDSSAETLYF
PB1,CASSRDSAETLYF
PB1,CTCSGDSAETLYF
PB1,CASSIDSAETLYF
PB1,CTCSGDSAETLYF
PB1,CASSGDSAETLYF
PB1,CASSRDSAETLYF
PB1,CARRQGSAETLYF
PB1,CASSFRDSAETLYF
PB1,CASRPTTSAETLYF
PB1,CASSLTDTEVFF
PB1,CASSPDSAETLYF
PB1,CAWSLEDSAETLYF
PB1,CASSLQNSDYTF
PB1,CASSRDSAETLYF
PB1,CASSGDSAETLYF
PB1,CASSQDSAETLYF
PB1,CASSLKGTEVFF
F2,CASSFGTGNYAEQFF
F2,CASSLPEGPTGQLYF
F2,CASSPGANSDYTF
F2,CASSTGDYAEQFF
F2,CASSNWGTNTGQLYF
M45,CASSLAREDTQYF
M45,CASSRLGVSAETLYF
M45,CASSLLGDYEQYF
M45,CTCSAGDWGDEQYF
M45,CASSLRGDNSPLYF
M45,CASSRLGTSAETLYF
M45,CASSRLGTSAETLYF
M45,CASSFQGANTEVFF
M45,CASSPGSGNTLYF
M45,CASSRLGTSAETLYF
M45,CASNRREYNSPLYF
M45,CASSFRGDNSPLYF
M45,CASSSLGSSAETLYF
M45,CASSQGNQDTQYF
M45,CASSRLGTSAETLYF
M45,CASSLDVRDTGQLYF
M45,CASSFRGDSQAPLF
M45,CASSRAGNTGQLYF
M45,CASSLGTENTLYF
M38,CASSPGTGGYNYAEQFF
M38,CASSDGTGGYNYAEQFF
M38,CTCSAGTGGYNYAEQFF
M38,CTCSAGTGGYNYAEQFF
M38,CTCSAGTGGFNYAEQFF
M38,CASSQEDGNTLYF
M38,CASSLGDTQYF
M38,CASSIRTGGYNYAEQFF
M38,CASSAGTGGYNYAEQFF
M38,CASSTGTGGYNYAEQFF
M38,CASSEQGYEQYF
M38,CASSRDWGGYAEQFF
M38,CTCSAGTGGYNYAEQFF
M38,CASSRDWNTGQLYF
M38,CTCSAGTGGYNYAEQFF
M38,CASSQEKDWGYEQYF
M38,CASSPGTGGYNYAEQFF
M38,CTCSAGTGGYNYAEQFF
M38,CTCSAGTGGYNYAEQFF
M38,CASSSGTGYSDYTF
M38,CASNRDRGAEQFF
M38,CTCSPGTGGYNYAEQFF
M38,CASSQDRGNTLYF
M38,CTCSGGTGGYNYAEQFF
M38,CTCSAGTGGYNYAEQFF
M38,CASSPGTGGYNYAEQFF
M38,CTCSAGTGGYNYAEQFF
M38,CTCSAGTGGYNYAEQFF
M38,CASSPGTGGYNYAEQFF
M38,CTCSGGTGGYNYAEQFF
M38,CTCSAGTGGYNYAEQFF
M38,CTCSGGTGGYNYAEQFF
M38,CAWSGRTGGYNYAEQFF
M38,CASSPSTGGYNYAEQFF
M38,CASSTGTGGYNYAEQFF
M38,CASSPGTGGYNYAEQFF
M38,CTCSAGTGGYNYAEQFF
M38,CASSPGTGGYNYAEQFF
M38,CASSPGTGGYNYAEQFF
M38,CTCSAGTGGYNYAEQFF
M38,CTCSAGTGGYNYAEQFF
M38,CTCSAGTGGYNYAEQFF
PB1,CAWPSTSAETLYF
PB1,CASSFAGGGAETLYF
PB1,CASSLDSAETLYF
PB1,CASSGTGDTGQLYF
PB1,CASSGNSAETLYF
PB1,CSYGTTSAETLYF
PB1,CASSAGRGNTLYF
NP,CASRGGARTGQLYF
NP,CASRGGANTGQLYF
NP,CASRDSANTEVFF
NP,CASKGGANTGQLYF
NP,CASSPGPSSYEQYF
NP,CASSETGRRTEVFF
NP,CASSLARDTQYF
NP,CASSDATKTEVFF
NP,CASSGGSNTGQLYF
NP,CASSGGANTGQLYF
NP,CASSWGGRSSDYTF
M45,CASSTLGTSAETLYF
M45,CASSDADWGTYAEQFF
M45,CASRNRGDYAEQFF
M45,CASSLGTGDTGQLYF
M45,CASSRLGASAETLYF
M45,CASSRLGASAETLYF
M45,CASSSGFNYAEQFF
M45,CTCSADEGFYAEQFF
M45,CASSKFANTEVFF
M45,CASSPGTGGYNYAEQFF
M45,CASSRGWGGPENTLYF
M45,CASSAGQGDNYAEQFF
M45,CASSRLGTSAETLYF
M45,CASSLGTGDYAEQFF
M45,CASSRDWGGQDTQYF
F2,CASSDGGAGNTLYF
F2,CASSSGRGDTQYF
F2,CASSPGQYYAEQFF
F2,CASSPGASSDYTF
F2,CASSPGTGGWAPLF
F2,CASSWGLGNYAEQFF
F2,CASSIGDEQYF
F2,CASDLGGKDTQYF
F2,CASSFGREQYF
F2,CASSDARLGVDTQYF
F2,CAWSAYGDNYAEQFF
F2,CASSWGGALAEQFF
F2,CASAGGANTEVFF
F2,CASSMGTGFSDYTF
F2,CASSQGAYSDYTF
F2,CASSVGTLNYAEQFF
F2,CASSMGQGWEQYF
F2,CASGDAGSSYEQYF
PB1,CASSPDSAETLYF
PB1,CASSGNSAETLYF
PB1,CASGGDSAETLYF
PB1,CASSQDSAETLYF
PB1,CASRGTDSAETLYF
PB1,CASSGSSAETLYF
PB1,CASMSGSAETLYF
PB1,CASSGLDSAETLYF
PB1,CASSPPDSAETLYF
PB1,CASSADSAETLYF
PB1,CACGGTDSAETLYF
NP,CASSLGTGGIQNTLYF
NP,CASSGGAHTGQLYF
NP,CASSHSRGQVDTQYF
NP,CASSPRVFNQAPLF
NP,CASSGGANTGQLYF
NP,CASSDHRGTEVFF
NP,CASSGGANTGQLYF
m139,CASSDGLSPLYF
m139,CASSWDRGREQYF
m139,CASSFNRGNEQYF
m139,CASSTTSQNTLYF
m139,CASSTTSQNTLYF
m139,CASSSFSAETLYF
m139,CASSFDNYEQYF
m139,CASGDATGGAGQLYF
m139,CASSTGRNQNTLYF
m139,CASSPDKYEQYF
m139,CASSWDRGREQYF
m139,CASSPTNPAEQFF
m139,CASSFLRVYEQYF
m139,CASSPTNPAEQFF
m139,CASSFNRGNEQYF
m139,CASSLTGRDTQYF
m139,CASSLDRYNQDTQYF
m139,CASSFNRGNEQYF
m139,CASSLDNYEQYF
m139,CASSTTSQNTLYF
M45,CASSLGSAETLYF
M45,CASSLGGTGDYAEQFF
M45,CASSRLGTSAETLYF
M45,CASNFRGDYAEQFF
M45,CASSFRGDYAEQFF
M45,CASSSWGNQDTQYF
M45,CASSLPSEDTQYF
M45,CASSLGGTGDYAEQFF
M45,CASSLGQGDTGQLYF
M45,CASSPANQDTQYF
M45,CASNFRGDYAEQFF
M45,CASSLLGDSYEQYF
M45,CASSYGTDYAEQFF
M45,CASSLGGEDTQYF
M45,CASSLRGDNQAPLF
M45,CASSHREDTGQLYF
M45,CASSEVGSNSDYTF
M45,CASSQSNQDTQYF
M45,CASSLSGGFNAEQFF
M45,CASSLGDWGGAEQFF
NP,CASRGGANTGQLYF
NP,CASSQDLGGRYEQYF
NP,CASSGGSNTGQLYF
NP,CASSFGAANTEVFF
NP,CASSLWRDTLYF
NP,CASSQDRRNSYNSPLYF
NP,CASSGGSNTGQLYF
NP,CASSFGAANTEVFF
NP,CASSLWRDTLYF
NP,CASSGGGNTGQLYF
NP,CASSGGGNTGQLYF
NP,CASSSSGRDTQYF
NP,CASFPDRRNSYNSPLYF
NP,CASSGGGNTGQLYF
NP,CASSGGSNTGQLYF
NP,CASSGGSNTGQLYF
NP,CASSGGSNTGQLYF
M45,CASSLAKNSDYTF
M45,CASSFRGDYAEQFF
M45,CASSLTGGGDYAEQFF
M45,CASSLVGDQNTLYF
M45,CASSPGQGVSNERLFF
M45,CASGDRDWGDEQYF
M45,CASSPGGQNTLYF
M45,CASSLGSAETLYF
M45,CASSGTGGDYAEQFF
M45,CASSLGGGSQNTLYF
M45,CASSFRGDNQAPLF
M45,CASSLGGQDTQYF
M45,CASSRLGASAETLYF
M45,CASSLRGDNQAPLF
M45,CASRYRGDNQAPLF
M45,CASSPLGSSAETLYF
M45,CASSDWTSQAPLF
PA,CASSGPEVFF
PA,CASSLFPTEVFF
